<?xml version="1.0" encoding="UTF-8"?>
<metadata>
  <identifier>mcas-full-set-04-december-2025</identifier>
  <mediatype>software</mediatype>
  <collection>open_source_software</collection>
  <description>This is a collection of dumps of the binary contents of the NFC tags 
contained in the product line of amiibo figures, cards, plush toys, and wrist bands.&lt;br /&gt;&lt;br /&gt;&lt;div&gt;This collection is complete (up to date with all currently released amiibo) as of December 4th 2025, with the exception of the Kirby Air Riders series due to a lack of a standardized file format for the new tag type.&lt;br /&gt;&lt;br /&gt;In addition, a variant archive for &lt;b&gt;Flashiibo Pro&lt;/b&gt; devices is available that uses &lt;u&gt;532B trimmed, extension-less files&lt;/u&gt; with &lt;u&gt;shortened alphabetically sorted naming&lt;/u&gt; and an &lt;u&gt;abridged directory structure&lt;/u&gt;. These adjustments make MCAS conform to that device's requirements.&lt;i&gt;&lt;sup&gt;&lt;br /&gt;[Note: This currently requires manually 
recreating the directory structure and copying the files to the device 
using the Web Interface via Bluetooth.]&lt;/sup&gt;&lt;/i&gt;&lt;/div&gt;&lt;br /&gt;&lt;div&gt;This collection is maintained for preservation and hobbyist purposes. Please support the official amiibo line of products!&lt;/div&gt;</description>
  <scanner>Internet Archive HTML5 Uploader 1.7.0</scanner>
  <subject>nfc</subject>
  <subject>amiibo</subject>
  <subject>flashiibo</subject>
  <title>Most Complete Amiibo Set - December 4th 2025</title>
  <uploader>cheatfreak47@gmail.com</uploader>
  <publicdate>2025-12-04 18:24:03</publicdate>
  <addeddate>2025-12-04 18:24:03</addeddate>
  <curation>[curator]validator@archive.org[/curator][date]20251204183336[/date][comment]checked for malware[/comment]</curation>
</metadata>
