<?xml version="1.0" encoding="UTF-8"?>
<files>
  <file name="MCAS Full Set - 04 December 2025.7z" source="original">
    <mtime>1764872575</mtime>
    <size>581974</size>
    <md5>68ce31977179ab0543e4a4b400297a9b</md5>
    <crc32>c3aab2a0</crc32>
    <sha1>600f1f10dd9e237eca713894b45b1f7c206df3d5</sha1>
    <format>7z</format>
    <filecount>936</filecount>
    <viruscheck>1764873216</viruscheck>
  </file>
  <file name="MCAS for Flashiibo Pro - 04 December 2025.7z" source="original">
    <mtime>1764872593</mtime>
    <size>488401</size>
    <md5>e543f3bfbf89a5f00862cbf44154ec38</md5>
    <crc32>0e73a872</crc32>
    <sha1>5431b5b42dfec4c713e5c431ddcc9fb920e12b02</sha1>
    <format>7z</format>
    <filecount>916</filecount>
    <viruscheck>1764873216</viruscheck>
  </file>
  <file name="__ia_thumb.jpg" source="original">
    <mtime>1764872795</mtime>
    <size>8474</size>
    <md5>4e276f08375e405b5fd3a772c5f64725</md5>
    <crc32>7fd0776a</crc32>
    <sha1>1ed73e6e9f1da0e722d29b9a6d25629b66be96ec</sha1>
    <format>Item Tile</format>
  </file>
  <file name="banner.png" source="original">
    <mtime>1764872598</mtime>
    <size>96281</size>
    <md5>834dd83fdd97287951fff6a19f901781</md5>
    <crc32>afd1f886</crc32>
    <sha1>707886dd2f8281f2cc866af9f8458b591ecb0317</sha1>
    <format>PNG</format>
  </file>
  <file name="banner_thumb.jpg" source="derivative">
    <format>JPEG Thumb</format>
    <original>banner.png</original>
    <mtime>1764884201</mtime>
    <size>8492</size>
    <md5>b00506a61d7b87a5f8d8ca6324a3382d</md5>
    <crc32>7f6c37e8</crc32>
    <sha1>b4f894ab7de0fd8b64a0c83cd4fe159417187e8c</sha1>
  </file>
  <file name="mcas-full-set-04-december-2025_archive.torrent" source="metadata">
    <btih>9f6c492b3a52f317bf7b4f1665361303589780ad</btih>
    <mtime>1764884284</mtime>
    <size>2571</size>
    <md5>3823ecfbdf758982ace1035134264510</md5>
    <crc32>c8750c8b</crc32>
    <sha1>f5fc7d10d29aa50cb29d8ed28c91da6a77e20662</sha1>
    <format>Archive BitTorrent</format>
  </file>
  <file name="mcas-full-set-04-december-2025_files.xml" source="original">
    <format>Metadata</format>
    <md5>d612b9bbc9099821948e44da3321f870</md5>
    <summation>md5</summation>
  </file>
  <file name="mcas-full-set-04-december-2025_meta.sqlite" source="original">
    <mtime>1764872758</mtime>
    <size>32768</size>
    <md5>79eca18577483207e6a692cd161bcefc</md5>
    <crc32>796d4bea</crc32>
    <sha1>4fb1035af4a3175fb1e857ea7bf24097ba3fa595</sha1>
    <format>Metadata</format>
  </file>
  <file name="mcas-full-set-04-december-2025_meta.xml" source="original">
    <mtime>1764884281</mtime>
    <size>1847</size>
    <md5>427897a716a6f750b9849bc344f9475e</md5>
    <crc32>833e4475</crc32>
    <sha1>68889fd586dba66ba456189e0ff9e4dabe844c7b</sha1>
    <format>Metadata</format>
  </file>
</files>
